{
  "project_info": {
    "project_number": "229188575255",
    "firebase_url": "https://learn-f2d43.firebaseio.com",
    "project_id": "learn-f2d43",
    "storage_bucket": "learn-f2d43.appspot.com"
  },
  "client": [
    {
      "client_info": {
        "mobilesdk_app_id": "1:229188575255:android:0bb29e1817dcfcf755bc52",
        "android_client_info": {
          "package_name": "com.example.learn"
        }
      },
      "oauth_client": [
        {
          "client_id": "229188575255-b3oc8ricjv5r110aisr34oh7hprlvg1k.apps.googleusercontent.com",
          "client_type": 3
        }
      ],
      "api_key": [
        {
          "current_key": "AIzaSyA1IEizDGlmlfYGTAtHsZbbAj6eB-UvVvM"
        }
      ],
      "services": {
        "appinvite_service": {
          "other_platform_oauth_client": [
            {
              "client_id": "229188575255-b3oc8ricjv5r110aisr34oh7hprlvg1k.apps.googleusercontent.com",
              "client_type": 3
            }
          ]
        }
      }
    }
  ],
  "configuration_version": "1"
}